year,country,continent,income_level,population,growth_rate,urban_percentage,life_expectancy,literacy_rate,gdp_per_capita
2000,United States,North America,High Income,1283642419,1.42,77.6,75.0,57.6,12902.0
2001,United States,North America,High Income,1282342630,-0.1,86.3,75.0,84.7,2136.0
2002,United States,North America,High Income,1321107898,1.45,84.1,65.3,58.9,15081.0
2003,United States,North America,High Income,1295896805,0.32,64.1,70.8,64.3,49142.0
2004,United States,North America,High Income,1285550438,0.04,49.0,69.2,72.3,62921.0
2005,United States,North America,High Income,1292617317,0.14,63.4,74.8,52.3,48800.0
2006,United States,North America,High Income,1290581270,0.09,34.2,83.7,97.3,64768.0
2007,United States,North America,High Income,1312476002,0.32,36.3,77.1,71.6,10202.0
2008,United States,North America,High Income,1351049468,0.64,32.2,82.7,62.7,53171.0
2009,United States,North America,High Income,1322262918,0.33,63.8,73.7,59.1,77582.0
2010,United States,North America,High Income,1434554312,1.12,91.1,82.4,79.3,73789.0
2011,United States,North America,High Income,1276661443,-0.05,42.7,61.1,65.9,31400.0
2012,United States,North America,High Income,1324474776,0.26,83.9,68.9,63.8,43644.0
2013,United States,North America,High Income,1290261502,0.04,82.1,61.9,98.4,61893.0
2014,United States,North America,High Income,1308632535,0.14,30.4,80.4,84.6,58456.0
2015,United States,North America,High Income,1515062074,1.11,34.8,69.0,55.7,69117.0
2016,United States,North America,High Income,1472042649,0.86,51.5,61.6,65.2,26352.0
2017,United States,North America,High Income,1530576173,1.04,71.4,82.2,73.1,10008.0
2018,United States,North America,High Income,1538854167,1.01,79.5,74.0,87.8,39757.0
2019,United States,North America,High Income,1462424853,0.69,57.8,60.6,55.3,2999.0
2020,United States,North America,High Income,1530061629,0.88,50.4,72.7,94.5,20319.0
2021,United States,North America,High Income,1424682811,0.5,79.1,65.7,53.8,23535.0
2022,United States,North America,High Income,1304725149,0.07,90.4,80.2,81.0,69781.0
2023,United States,North America,High Income,1675958724,1.17,42.1,82.3,76.4,64691.0
2024,United States,North America,High Income,1759841525,1.32,50.7,62.8,61.2,34455.0
2000,China,Asia,Upper Middle Income,1375863027,0.4,49.8,64.1,76.2,39044.0
2001,China,Asia,Upper Middle Income,1389307152,0.98,47.5,66.1,58.2,17892.0
2002,China,Asia,Upper Middle Income,1396544359,0.75,56.2,61.6,62.4,20127.0
2003,China,Asia,Upper Middle Income,1416867569,0.98,76.3,63.7,98.9,21709.0
2004,China,Asia,Upper Middle Income,1458004398,1.46,56.7,60.8,66.9,50931.0
2005,China,Asia,Upper Middle Income,1442984513,0.96,64.5,71.2,77.1,47619.0
2006,China,Asia,Upper Middle Income,1370707534,-0.06,54.0,66.1,89.4,37889.0
2007,China,Asia,Upper Middle Income,1524029347,1.47,55.9,80.4,89.1,12482.0
2008,China,Asia,Upper Middle Income,1450662973,0.66,75.2,81.5,66.0,18009.0
2009,China,Asia,Upper Middle Income,1505962203,1.01,82.6,68.7,54.7,75272.0
2010,China,Asia,Upper Middle Income,1442756564,0.48,63.7,80.9,83.1,58950.0
2011,China,Asia,Upper Middle Income,1399568970,0.16,65.2,77.4,61.2,14409.0
2012,China,Asia,Upper Middle Income,1639120971,1.47,63.6,66.5,98.8,77251.0
2013,China,Asia,Upper Middle Income,1516039144,0.75,87.4,64.7,63.7,56178.0
2014,China,Asia,Upper Middle Income,1634799548,1.24,85.7,70.1,93.5,68149.0
2015,China,Asia,Upper Middle Income,1692541315,1.39,81.0,76.7,78.5,30096.0
2016,China,Asia,Upper Middle Income,1718149576,1.4,93.3,67.1,65.0,39106.0
2017,China,Asia,Upper Middle Income,1513474493,0.56,94.6,64.4,50.9,39765.0
2018,China,Asia,Upper Middle Income,1401847783,0.1,53.8,78.6,85.3,24991.0
2019,China,Asia,Upper Middle Income,1577479629,0.72,63.1,75.9,62.3,47395.0
2020,China,Asia,Upper Middle Income,1840029892,1.46,61.6,82.7,71.3,28331.0
2021,China,Asia,Upper Middle Income,1659545674,0.9,73.5,81.6,61.3,40186.0
2022,China,Asia,Upper Middle Income,1629637906,0.77,80.0,61.1,98.7,37861.0
2023,China,Asia,Upper Middle Income,1465655107,0.28,87.4,78.7,96.7,26795.0
2024,China,Asia,Upper Middle Income,1642067188,0.74,67.2,84.5,53.7,24803.0
2000,India,Asia,Lower Middle Income,829956639,2.48,50.6,64.2,77.3,74924.0
2001,India,Asia,Lower Middle Income,846025465,1.94,67.1,62.4,80.1,79209.0
2002,India,Asia,Lower Middle Income,829795536,-0.01,63.7,81.9,86.3,55913.0
2003,India,Asia,Lower Middle Income,879687050,1.96,53.4,67.3,89.7,64904.0
2004,India,Asia,Lower Middle Income,917359923,2.53,89.4,72.8,74.6,63964.0
2005,India,Asia,Lower Middle Income,906271379,1.77,75.6,79.9,93.6,27371.0
2006,India,Asia,Lower Middle Income,871353638,0.81,36.1,74.5,51.8,37515.0
2007,India,Asia,Lower Middle Income,914742356,1.4,48.6,74.8,51.5,3469.0
2008,India,Asia,Lower Middle Income,1001719041,2.38,53.4,63.2,75.6,61714.0
2009,India,Asia,Lower Middle Income,849228069,0.26,70.5,62.1,52.5,42743.0
2010,India,Asia,Lower Middle Income,953019637,1.39,71.4,78.2,97.8,41546.0
2011,India,Asia,Lower Middle Income,889352862,0.63,81.7,66.8,71.5,6737.0
2012,India,Asia,Lower Middle Income,789909990,-0.41,92.6,80.9,84.1,33012.0
2013,India,Asia,Lower Middle Income,841524393,0.11,40.2,66.3,76.9,57310.0
2014,India,Asia,Lower Middle Income,1066995980,1.81,48.2,83.9,86.2,44571.0
2015,India,Asia,Lower Middle Income,1059475189,1.64,57.3,66.2,67.4,60749.0
2016,India,Asia,Lower Middle Income,772221631,-0.45,37.5,61.2,52.0,68509.0
2017,India,Asia,Lower Middle Income,1154955863,1.96,60.8,62.4,74.1,38141.0
2018,India,Asia,Lower Middle Income,845967117,0.11,58.2,70.0,80.2,50990.0
2019,India,Asia,Lower Middle Income,777737933,-0.34,54.3,75.6,74.7,68591.0
2020,India,Asia,Lower Middle Income,1187063796,1.81,40.6,61.8,81.5,2608.0
2021,India,Asia,Lower Middle Income,1146444811,1.55,91.1,74.4,69.0,51641.0
2022,India,Asia,Lower Middle Income,1056690938,1.1,65.5,83.5,68.9,76915.0
2023,India,Asia,Lower Middle Income,1521015020,2.67,42.7,61.7,54.9,1949.0
2024,India,Asia,Lower Middle Income,796853660,-0.17,74.4,61.8,65.6,67668.0
2000,Brazil,South America,Upper Middle Income,109952217,0.38,46.9,72.4,84.0,28193.0
2001,Brazil,South America,Upper Middle Income,111483083,1.39,32.5,70.4,97.4,44064.0
2002,Brazil,South America,Upper Middle Income,111098473,0.52,67.0,74.4,85.9,10651.0
2003,Brazil,South America,Upper Middle Income,110696158,0.23,67.7,81.7,77.5,19468.0
2004,Brazil,South America,Upper Middle Income,114216274,0.96,78.1,66.0,68.5,42979.0
2005,Brazil,South America,Upper Middle Income,113539442,0.64,55.3,67.4,54.9,4752.0
2006,Brazil,South America,Upper Middle Income,119726483,1.43,85.1,68.9,96.9,54303.0
2007,Brazil,South America,Upper Middle Income,114816105,0.62,62.0,62.1,54.5,48394.0
2008,Brazil,South America,Upper Middle Income,116644490,0.74,43.8,83.7,88.3,9520.0
2009,Brazil,South America,Upper Middle Income,124415366,1.38,93.3,84.9,52.7,59094.0
2010,Brazil,South America,Upper Middle Income,118224789,0.73,75.9,84.2,83.7,67039.0
2011,Brazil,South America,Upper Middle Income,126376505,1.27,84.5,70.7,60.9,32034.0
2012,Brazil,South America,Upper Middle Income,128632874,1.32,39.5,72.8,61.4,46714.0
2013,Brazil,South America,Upper Middle Income,129510795,1.27,87.2,65.9,94.5,47555.0
2014,Brazil,South America,Upper Middle Income,116197193,0.4,76.0,72.0,68.5,56554.0
2015,Brazil,South America,Upper Middle Income,113685214,0.22,51.5,70.9,62.4,32714.0
2016,Brazil,South America,Upper Middle Income,124339136,0.77,78.2,79.2,90.3,59665.0
2017,Brazil,South America,Upper Middle Income,129294338,0.96,45.4,70.0,73.4,7090.0
2018,Brazil,South America,Upper Middle Income,124622653,0.7,58.4,80.1,97.9,44702.0
2019,Brazil,South America,Upper Middle Income,117467115,0.35,32.8,83.1,95.0,20613.0
2020,Brazil,South America,Upper Middle Income,133690472,0.98,34.9,64.2,60.6,23912.0
2021,Brazil,South America,Upper Middle Income,150090806,1.49,75.3,69.6,86.1,73263.0
2022,Brazil,South America,Upper Middle Income,150260889,1.43,33.8,69.9,55.2,27185.0
2023,Brazil,South America,Upper Middle Income,112211078,0.09,72.0,69.7,61.2,21642.0
2024,Brazil,South America,Upper Middle Income,121372334,0.41,46.9,71.3,51.6,22741.0
2000,Russia,Europe,Upper Middle Income,1357739347,0.82,47.6,63.3,53.7,75272.0
2001,Russia,Europe,Upper Middle Income,1364640551,0.51,67.8,83.0,54.1,70195.0
2002,Russia,Europe,Upper Middle Income,1377845304,0.74,40.7,70.3,88.1,38689.0
2003,Russia,Europe,Upper Middle Income,1418709274,1.47,54.5,78.7,69.3,66419.0
2004,Russia,Europe,Upper Middle Income,1399900858,0.77,34.1,60.9,56.6,1587.0
2005,Russia,Europe,Upper Middle Income,1352865992,-0.07,75.0,73.4,86.7,73097.0
2006,Russia,Europe,Upper Middle Income,1423783595,0.79,77.2,78.9,68.5,19666.0
2007,Russia,Europe,Upper Middle Income,1371923469,0.15,46.3,66.9,60.2,70319.0
2008,Russia,Europe,Upper Middle Income,1480387400,1.09,33.0,66.7,51.1,40104.0
2009,Russia,Europe,Upper Middle Income,1434067457,0.61,84.0,67.7,90.0,77454.0
2010,Russia,Europe,Upper Middle Income,1351005640,-0.05,81.5,74.7,73.5,33933.0
2011,Russia,Europe,Upper Middle Income,1537030244,1.13,71.6,80.1,94.3,49572.0
2012,Russia,Europe,Upper Middle Income,1616974928,1.47,69.5,75.9,77.2,7735.0
2013,Russia,Europe,Upper Middle Income,1552184748,1.03,65.6,71.3,94.6,24188.0
2014,Russia,Europe,Upper Middle Income,1494970613,0.69,75.3,79.9,72.5,67446.0
2015,Russia,Europe,Upper Middle Income,1601566916,1.11,34.3,61.1,80.4,28119.0
2016,Russia,Europe,Upper Middle Income,1391921709,0.16,67.7,68.5,76.3,37079.0
2017,Russia,Europe,Upper Middle Income,1553150251,0.79,56.0,77.4,58.8,55872.0
2018,Russia,Europe,Upper Middle Income,1485223562,0.5,86.8,72.9,97.7,48354.0
2019,Russia,Europe,Upper Middle Income,1405078806,0.18,83.4,68.6,67.0,3028.0
2020,Russia,Europe,Upper Middle Income,1571216039,0.73,64.7,68.9,93.8,10735.0
2021,Russia,Europe,Upper Middle Income,1464523541,0.36,50.9,62.3,73.6,55179.0
2022,Russia,Europe,Upper Middle Income,1572535787,0.67,40.2,69.4,50.1,69530.0
2023,Russia,Europe,Upper Middle Income,1340259929,-0.06,68.8,84.7,76.3,73961.0
2024,Russia,Europe,Upper Middle Income,1424909081,0.2,79.4,73.3,85.3,5456.0
2000,Japan,Asia,High Income,644534586,0.23,76.4,82.4,75.1,42803.0
2001,Japan,Asia,High Income,644419809,-0.02,59.1,73.3,61.9,21905.0
2002,Japan,Asia,High Income,650236875,0.44,31.3,68.1,60.4,26536.0
2003,Japan,Asia,High Income,644604113,0.0,87.9,74.8,83.3,63239.0
2004,Japan,Asia,High Income,661386970,0.65,35.6,73.4,78.8,59762.0
2005,Japan,Asia,High Income,661922551,0.53,38.3,67.1,67.8,51850.0
2006,Japan,Asia,High Income,674904204,0.77,53.1,84.7,79.7,19360.0
2007,Japan,Asia,High Income,643318762,-0.03,39.9,66.1,57.9,15332.0
2008,Japan,Asia,High Income,659359609,0.28,41.3,82.4,53.9,42199.0
2009,Japan,Asia,High Income,673985172,0.5,93.9,62.8,69.5,77573.0
2010,Japan,Asia,High Income,731328907,1.27,83.1,66.4,58.4,53657.0
2011,Japan,Asia,High Income,749408330,1.38,66.2,74.3,63.7,61675.0
2012,Japan,Asia,High Income,653718653,0.12,51.0,70.6,74.9,19772.0
2013,Japan,Asia,High Income,644134404,-0.0,69.7,67.2,78.5,12772.0
2014,Japan,Asia,High Income,702590087,0.62,64.6,61.3,66.5,11186.0
2015,Japan,Asia,High Income,635672004,-0.09,94.3,68.1,89.7,20744.0
2016,Japan,Asia,High Income,750820663,0.96,79.4,74.9,73.1,33241.0
2017,Japan,Asia,High Income,688985636,0.39,90.4,80.8,97.3,10382.0
2018,Japan,Asia,High Income,776815288,1.04,91.0,64.5,53.3,59419.0
2019,Japan,Asia,High Income,746587848,0.78,84.7,63.5,89.0,16529.0
2020,Japan,Asia,High Income,654692323,0.08,40.7,80.4,82.6,42084.0
2021,Japan,Asia,High Income,702366208,0.41,87.0,69.8,90.0,35411.0
2022,Japan,Asia,High Income,710019607,0.44,60.1,67.5,86.6,40466.0
2023,Japan,Asia,High Income,674033681,0.19,88.5,69.6,76.6,72565.0
2024,Japan,Asia,High Income,791818861,0.86,37.6,83.5,80.8,27125.0
2000,Germany,Europe,High Income,608169023,0.08,87.1,72.4,86.3,46065.0
2001,Germany,Europe,High Income,617267702,1.5,78.9,77.7,88.2,11879.0
2002,Germany,Europe,High Income,609967195,0.15,76.4,72.3,87.0,8682.0
2003,Germany,Europe,High Income,621252563,0.71,54.6,71.4,79.6,40432.0
2004,Germany,Europe,High Income,625818766,0.72,61.6,70.2,87.8,1470.0
2005,Germany,Europe,High Income,633433080,0.82,66.8,77.9,79.4,66231.0
2006,Germany,Europe,High Income,662268078,1.43,52.3,65.7,70.8,23390.0
2007,Germany,Europe,High Income,645085695,0.85,89.3,63.5,54.9,20853.0
2008,Germany,Europe,High Income,660354497,1.03,68.5,62.6,95.0,63312.0
2009,Germany,Europe,High Income,599420672,-0.16,72.3,79.3,68.3,5979.0
2010,Germany,Europe,High Income,604012608,-0.07,36.8,81.0,94.6,10263.0
2011,Germany,Europe,High Income,621754344,0.2,40.8,64.7,91.0,26906.0
2012,Germany,Europe,High Income,632653253,0.33,44.8,75.2,68.6,59668.0
2013,Germany,Europe,High Income,620094241,0.15,81.2,75.1,55.6,33453.0
2014,Germany,Europe,High Income,725494970,1.27,90.0,71.6,73.6,73517.0
2015,Germany,Europe,High Income,685179016,0.8,32.1,82.8,62.2,46422.0
2016,Germany,Europe,High Income,616135661,0.08,32.2,67.8,88.2,22568.0
2017,Germany,Europe,High Income,626428839,0.17,43.8,72.9,97.8,36990.0
2018,Germany,Europe,High Income,695400545,0.75,85.9,73.4,59.0,24318.0
2019,Germany,Europe,High Income,647074331,0.33,55.8,70.7,89.2,28276.0
2020,Germany,Europe,High Income,684917134,0.6,70.6,69.4,91.0,47203.0
2021,Germany,Europe,High Income,647638427,0.3,76.4,73.2,76.2,38746.0
2022,Germany,Europe,High Income,700559816,0.64,79.7,62.6,66.4,6503.0
2023,Germany,Europe,High Income,778710276,1.08,47.7,82.4,75.8,64160.0
2024,Germany,Europe,High Income,862046407,1.46,84.6,81.7,70.0,44362.0
2000,United Kingdom,Europe,High Income,1100443074,0.19,73.7,60.5,55.1,64093.0
2001,United Kingdom,Europe,High Income,1101582317,0.1,72.4,66.0,54.9,19832.0
2002,United Kingdom,Europe,High Income,1123181225,1.03,85.6,80.8,69.5,53613.0
2003,United Kingdom,Europe,High Income,1105351947,0.15,49.1,82.4,50.6,7298.0
2004,United Kingdom,Europe,High Income,1107211239,0.15,31.7,64.5,78.6,34003.0
2005,United Kingdom,Europe,High Income,1174872679,1.32,83.1,68.5,62.7,30686.0
2006,United Kingdom,Europe,High Income,1154572706,0.8,47.4,75.6,70.1,44388.0
2007,United Kingdom,Europe,High Income,1142832378,0.54,49.1,83.7,87.4,11639.0
2008,United Kingdom,Europe,High Income,1217961252,1.28,61.7,82.4,89.2,34304.0
2009,United Kingdom,Europe,High Income,1084521530,-0.16,47.5,73.5,81.0,21002.0
2010,United Kingdom,Europe,High Income,1104511046,0.04,84.3,84.6,75.8,14149.0
2011,United Kingdom,Europe,High Income,1132691217,0.26,31.2,82.9,55.8,46333.0
2012,United Kingdom,Europe,High Income,1136073266,0.27,66.0,76.3,90.7,16910.0
2013,United Kingdom,Europe,High Income,1074786007,-0.18,38.9,82.5,92.8,47994.0
2014,United Kingdom,Europe,High Income,1233883832,0.82,73.2,64.4,94.8,33792.0
2015,United Kingdom,Europe,High Income,1177343816,0.45,63.7,61.2,58.1,59174.0
2016,United Kingdom,Europe,High Income,1090058453,-0.06,69.2,66.1,69.1,23451.0
2017,United Kingdom,Europe,High Income,1178642681,0.4,76.7,67.4,77.8,38346.0
2018,United Kingdom,Europe,High Income,1299559768,0.93,90.9,78.3,60.5,2979.0
2019,United Kingdom,Europe,High Income,1152999553,0.25,68.7,61.3,74.3,47949.0
2020,United Kingdom,Europe,High Income,1184381344,0.37,80.1,62.7,53.7,58391.0
2021,United Kingdom,Europe,High Income,1258816400,0.64,74.7,70.9,62.1,65619.0
2022,United Kingdom,Europe,High Income,1417972626,1.16,75.2,66.8,78.9,29197.0
2023,United Kingdom,Europe,High Income,1089282502,-0.04,89.6,63.4,96.6,35957.0
2024,United Kingdom,Europe,High Income,1131146076,0.11,65.2,81.8,85.9,64622.0
2000,France,Europe,High Income,691969366,1.03,71.4,84.5,94.3,51910.0
2001,France,Europe,High Income,698739579,0.98,33.4,76.7,52.2,47267.0
2002,France,Europe,High Income,712868701,1.5,66.1,71.8,65.3,10082.0
2003,France,Europe,High Income,713842194,1.04,42.5,62.9,70.7,63730.0
2004,France,Europe,High Income,721967517,1.07,33.6,71.4,75.6,51741.0
2005,France,Europe,High Income,723863076,0.91,53.7,74.0,73.6,70857.0
2006,France,Europe,High Income,721607820,0.7,58.7,70.1,78.0,64416.0
2007,France,Europe,High Income,727368511,0.72,73.0,78.4,75.5,34432.0
2008,France,Europe,High Income,766709414,1.29,57.1,71.5,98.5,519.0
2009,France,Europe,High Income,699183386,0.12,55.0,83.3,53.4,1254.0
2010,France,Europe,High Income,684365297,-0.11,35.8,60.9,73.5,46670.0
2011,France,Europe,High Income,712164909,0.26,55.9,62.3,66.5,42040.0
2012,France,Europe,High Income,783894637,1.04,30.2,71.7,64.6,68299.0
2013,France,Europe,High Income,789193814,1.02,68.3,66.9,94.6,4086.0
2014,France,Europe,High Income,690623518,-0.01,55.5,63.1,96.9,63940.0
2015,France,Europe,High Income,717332186,0.24,68.3,84.6,93.3,48263.0
2016,France,Europe,High Income,855716031,1.34,94.3,78.6,53.2,32426.0
2017,France,Europe,High Income,850997802,1.22,45.0,80.8,55.9,4232.0
2018,France,Europe,High Income,750612333,0.45,32.4,83.9,90.5,64161.0
2019,France,Europe,High Income,815861020,0.87,44.1,73.0,79.3,42240.0
2020,France,Europe,High Income,726299431,0.24,63.5,72.3,98.8,71846.0
2021,France,Europe,High Income,782588729,0.59,70.5,78.7,51.7,71646.0
2022,France,Europe,High Income,911864328,1.26,59.7,69.8,63.4,38396.0
2023,France,Europe,High Income,672414592,-0.12,85.4,60.9,66.1,74561.0
2024,France,Europe,High Income,889086901,1.05,48.3,66.3,50.2,55809.0
2000,Italy,Europe,High Income,219523887,0.64,35.3,65.5,83.5,6552.0
2001,Italy,Europe,High Income,222261463,1.25,62.2,72.0,79.0,66062.0
2002,Italy,Europe,High Income,221245134,0.39,74.1,74.1,63.1,70351.0
2003,Italy,Europe,High Income,227222789,1.16,72.8,81.3,92.5,56815.0
2004,Italy,Europe,High Income,230460911,1.22,75.3,77.0,80.3,60341.0
2005,Italy,Europe,High Income,220289209,0.07,87.3,81.8,51.4,66152.0
2006,Italy,Europe,High Income,219775301,0.02,51.8,78.6,57.9,65528.0
2007,Italy,Europe,High Income,238882738,1.21,63.0,60.2,64.1,49546.0
2008,Italy,Europe,High Income,246669328,1.47,71.1,66.5,81.1,43429.0
2009,Italy,Europe,High Income,242793518,1.13,37.0,79.0,76.5,77058.0
2010,Italy,Europe,High Income,228036762,0.38,71.1,83.3,55.0,75010.0
2011,Italy,Europe,High Income,244101015,0.97,34.4,67.5,84.7,5854.0
2012,Italy,Europe,High Income,241254312,0.79,52.5,75.5,52.2,69787.0
2013,Italy,Europe,High Income,264870063,1.45,93.0,78.7,56.4,60782.0
2014,Italy,Europe,High Income,214711485,-0.16,31.4,68.1,73.9,61747.0
2015,Italy,Europe,High Income,253410898,0.96,59.0,66.8,98.9,34381.0
2016,Italy,Europe,High Income,240322501,0.57,40.6,79.9,84.0,18051.0
2017,Italy,Europe,High Income,217297225,-0.06,74.2,76.4,63.4,76094.0
2018,Italy,Europe,High Income,221779104,0.06,58.1,83.6,70.6,51263.0
2019,Italy,Europe,High Income,240247479,0.48,47.8,84.6,70.1,71581.0
2020,Italy,Europe,High Income,228060104,0.19,43.9,60.8,81.9,29798.0
2021,Italy,Europe,High Income,286105081,1.27,60.8,84.2,59.1,69556.0
2022,Italy,Europe,High Income,280490015,1.12,80.1,81.1,87.3,50285.0
2023,Italy,Europe,High Income,220694012,0.02,32.1,83.0,80.2,63825.0
2024,Italy,Europe,High Income,254541751,0.62,37.6,63.1,83.6,34709.0
2000,Canada,North America,High Income,871247141,0.18,40.5,76.3,66.0,47426.0
2001,Canada,North America,High Income,875921551,0.54,94.0,63.7,72.8,54596.0
2002,Canada,North America,High Income,879498593,0.47,93.4,78.0,82.2,60686.0
2003,Canada,North America,High Income,908878428,1.42,89.0,78.1,86.7,12101.0
2004,Canada,North America,High Income,870367413,-0.03,67.1,60.5,73.6,17223.0
2005,Canada,North America,High Income,888291101,0.39,80.4,83.5,53.5,42972.0
2006,Canada,North America,High Income,941468802,1.3,35.4,80.6,67.5,26107.0
2007,Canada,North America,High Income,964397541,1.46,43.1,77.3,90.3,3774.0
2008,Canada,North America,High Income,938935812,0.94,91.9,63.1,93.9,47785.0
2009,Canada,North America,High Income,940060495,0.85,69.8,67.5,95.8,75814.0
2010,Canada,North America,High Income,949425629,0.86,80.9,75.3,73.7,53035.0
2011,Canada,North America,High Income,944860376,0.74,68.8,79.6,73.6,3740.0
2012,Canada,North America,High Income,879521360,0.08,58.5,78.1,79.1,52198.0
2013,Canada,North America,High Income,943504996,0.61,70.0,68.2,73.0,59670.0
2014,Canada,North America,High Income,1041358041,1.28,58.2,61.1,57.9,2158.0
2015,Canada,North America,High Income,998136137,0.91,51.6,73.6,74.2,6981.0
2016,Canada,North America,High Income,941453329,0.49,44.3,70.5,60.0,67316.0
2017,Canada,North America,High Income,885594973,0.1,92.5,70.4,91.5,50487.0
2018,Canada,North America,High Income,1051483533,1.05,79.9,72.6,76.6,41363.0
2019,Canada,North America,High Income,1013600592,0.8,31.9,69.9,79.7,48019.0
2020,Canada,North America,High Income,1094685943,1.15,72.6,84.8,63.9,29053.0
2021,Canada,North America,High Income,957901283,0.45,60.3,80.9,61.6,62192.0
2022,Canada,North America,High Income,969954808,0.49,69.1,75.8,68.3,41253.0
2023,Canada,North America,High Income,977630567,0.5,34.5,70.9,54.8,32699.0
2024,Canada,North America,High Income,1056859675,0.81,67.7,76.6,54.7,52344.0
2000,Australia,Oceania,High Income,1350665688,1.45,46.8,76.4,65.9,61991.0
2001,Australia,Oceania,High Income,1350969388,0.02,93.0,71.3,61.6,6343.0
2002,Australia,Oceania,High Income,1353059815,0.09,63.8,68.4,90.6,34756.0
2003,Australia,Oceania,High Income,1359714246,0.22,70.1,77.7,58.2,13826.0
2004,Australia,Oceania,High Income,1343243802,-0.14,77.9,76.6,73.3,67612.0
2005,Australia,Oceania,High Income,1431524794,1.17,68.0,81.7,60.1,9398.0
2006,Australia,Oceania,High Income,1371756464,0.26,33.7,73.3,95.9,3628.0
2007,Australia,Oceania,High Income,1351383162,0.01,59.4,83.3,65.5,40825.0
2008,Australia,Oceania,High Income,1336754666,-0.13,39.6,84.7,97.3,893.0
2009,Australia,Oceania,High Income,1533155934,1.42,71.5,81.7,72.3,41490.0
2010,Australia,Oceania,High Income,1438359488,0.63,73.3,63.5,51.5,24980.0
2011,Australia,Oceania,High Income,1506559746,1.0,43.1,76.8,97.5,7965.0
2012,Australia,Oceania,High Income,1511764802,0.94,58.8,81.7,58.7,55564.0
2013,Australia,Oceania,High Income,1582259454,1.22,91.4,77.1,74.4,49619.0
2014,Australia,Oceania,High Income,1613272670,1.28,67.1,60.8,95.6,55317.0
2015,Australia,Oceania,High Income,1556493858,0.95,44.0,76.5,69.3,52273.0
2016,Australia,Oceania,High Income,1346610365,-0.02,72.8,85.0,52.4,78185.0
2017,Australia,Oceania,High Income,1468129446,0.49,86.6,79.6,77.8,59207.0
2018,Australia,Oceania,High Income,1702215131,1.29,56.3,68.2,82.7,64724.0
2019,Australia,Oceania,High Income,1661437221,1.1,81.9,70.9,90.1,10057.0
2020,Australia,Oceania,High Income,1560802104,0.73,30.4,68.1,68.0,31996.0
2021,Australia,Oceania,High Income,1658432377,0.98,55.3,71.2,61.6,30174.0
2022,Australia,Oceania,High Income,1407138569,0.19,34.8,75.1,82.7,49749.0
2023,Australia,Oceania,High Income,1545624091,0.59,54.7,81.6,75.4,38595.0
2024,Australia,Oceania,High Income,1300865938,-0.16,52.2,69.5,69.5,46624.0
2000,Mexico,North America,Upper Middle Income,154321835,0.61,55.6,73.7,86.6,57382.0
2001,Mexico,North America,Upper Middle Income,155380634,0.69,83.5,70.8,93.9,6167.0
2002,Mexico,North America,Upper Middle Income,158744839,1.42,72.6,69.5,59.7,38595.0
2003,Mexico,North America,Upper Middle Income,154927950,0.13,40.8,75.4,75.6,53773.0
2004,Mexico,North America,Upper Middle Income,163020484,1.38,64.6,74.5,54.4,57552.0
2005,Mexico,North America,Upper Middle Income,158060018,0.48,93.5,80.6,75.6,10296.0
2006,Mexico,North America,Upper Middle Income,166372225,1.26,82.0,64.6,64.5,63576.0
2007,Mexico,North America,Upper Middle Income,155567205,0.11,89.7,70.6,54.3,65352.0
2008,Mexico,North America,Upper Middle Income,159774287,0.43,64.2,62.8,50.1,51220.0
2009,Mexico,North America,Upper Middle Income,163965733,0.68,68.6,79.8,81.7,14394.0
2010,Mexico,North America,Upper Middle Income,160820109,0.41,88.9,79.2,77.3,20824.0
2011,Mexico,North America,Upper Middle Income,159727881,0.31,77.6,81.3,82.9,64858.0
2012,Mexico,North America,Upper Middle Income,176040319,1.1,39.7,70.6,57.5,19201.0
2013,Mexico,North America,Upper Middle Income,182015961,1.28,60.7,73.4,58.7,25326.0
2014,Mexico,North America,Upper Middle Income,158509294,0.19,43.4,75.9,62.6,50745.0
2015,Mexico,North America,Upper Middle Income,152008826,-0.1,39.2,66.9,79.3,54229.0
2016,Mexico,North America,Upper Middle Income,168547205,0.55,59.0,78.1,50.8,27617.0
2017,Mexico,North America,Upper Middle Income,188754791,1.19,69.2,68.4,94.4,61924.0
2018,Mexico,North America,Upper Middle Income,161425214,0.25,71.9,74.9,69.7,29673.0
2019,Mexico,North America,Upper Middle Income,165980536,0.38,70.1,71.1,90.8,53733.0
2020,Mexico,North America,Upper Middle Income,151837431,-0.08,71.6,66.8,79.0,54570.0
2021,Mexico,North America,Upper Middle Income,160678818,0.19,59.7,64.8,52.6,30589.0
2022,Mexico,North America,Upper Middle Income,169116979,0.42,94.7,71.2,66.3,46648.0
2023,Mexico,North America,Upper Middle Income,152588619,-0.05,92.5,75.9,87.0,14053.0
2024,Mexico,North America,Upper Middle Income,173783946,0.5,57.5,80.5,50.1,24418.0
2000,South Korea,Asia,High Income,1278947923,0.61,54.9,63.0,97.7,2092.0
2001,South Korea,Asia,High Income,1292417884,1.05,80.0,66.1,82.9,7888.0
2002,South Korea,Asia,High Income,1285016816,0.24,81.2,81.6,79.8,40794.0
2003,South Korea,Asia,High Income,1281666978,0.07,34.1,62.9,61.1,27663.0
2004,South Korea,Asia,High Income,1301997615,0.45,52.5,66.0,75.0,66110.0
2005,South Korea,Asia,High Income,1296662513,0.28,91.3,81.8,57.9,63009.0
2006,South Korea,Asia,High Income,1339726682,0.78,66.8,69.8,74.6,32076.0
2007,South Korea,Asia,High Income,1344586645,0.72,70.8,76.9,76.1,57853.0
2008,South Korea,Asia,High Income,1283064008,0.04,43.8,80.5,65.8,2320.0
2009,South Korea,Asia,High Income,1286037971,0.06,44.5,83.9,78.1,74652.0
2010,South Korea,Asia,High Income,1381976422,0.78,61.2,67.8,79.7,11566.0
2011,South Korea,Asia,High Income,1478536337,1.33,83.9,67.9,96.7,66103.0
2012,South Korea,Asia,High Income,1429672862,0.93,37.9,72.0,74.8,18988.0
2013,South Korea,Asia,High Income,1268338135,-0.06,80.5,63.1,79.1,74948.0
2014,South Korea,Asia,High Income,1530197787,1.29,48.1,81.3,50.0,1906.0
2015,South Korea,Asia,High Income,1446550841,0.82,53.7,69.7,77.7,15747.0
2016,South Korea,Asia,High Income,1312081498,0.16,61.5,78.9,80.4,24140.0
2017,South Korea,Asia,High Income,1399571211,0.53,41.1,61.9,88.4,21598.0
2018,South Korea,Asia,High Income,1302681620,0.1,75.0,75.5,81.0,18697.0
2019,South Korea,Asia,High Income,1327299003,0.2,44.4,64.3,82.1,67917.0
2020,South Korea,Asia,High Income,1570272765,1.03,81.5,70.1,82.0,28662.0
2021,South Korea,Asia,High Income,1478666242,0.69,61.3,64.4,69.0,77124.0
2022,South Korea,Asia,High Income,1343062431,0.22,38.7,70.5,88.7,46781.0
2023,South Korea,Asia,High Income,1592413793,0.96,42.3,75.5,65.9,66827.0
2024,South Korea,Asia,High Income,1574423335,0.87,42.9,61.6,52.1,30027.0
2000,Spain,Europe,High Income,1151821936,0.73,59.5,81.1,54.8,39315.0
2001,Spain,Europe,High Income,1152456390,0.06,51.1,78.4,73.3,30383.0
2002,Spain,Europe,High Income,1162688616,0.47,59.9,79.6,93.7,76449.0
2003,Spain,Europe,High Income,1191584992,1.14,50.5,77.2,71.4,20746.0
2004,Spain,Europe,High Income,1209520957,1.23,32.5,82.5,72.6,51158.0
2005,Spain,Europe,High Income,1205843524,0.92,88.2,75.9,80.1,5799.0
2006,Spain,Europe,High Income,1199714941,0.68,39.8,78.4,75.1,54578.0
2007,Spain,Europe,High Income,1141448662,-0.13,35.5,77.9,53.5,6165.0
2008,Spain,Europe,High Income,1135392995,-0.18,92.2,78.4,67.3,24075.0
2009,Spain,Europe,High Income,1193368196,0.39,80.4,76.5,59.1,14342.0
2010,Spain,Europe,High Income,1148057869,-0.03,72.9,79.1,63.0,2165.0
2011,Spain,Europe,High Income,1144203865,-0.06,92.9,67.4,87.7,50161.0
2012,Spain,Europe,High Income,1215481030,0.45,43.4,63.0,80.1,62083.0
2013,Spain,Europe,High Income,1293214085,0.89,64.5,61.0,97.5,63998.0
2014,Spain,Europe,High Income,1200783992,0.3,93.7,75.0,78.5,59972.0
2015,Spain,Europe,High Income,1373428412,1.18,72.7,63.2,66.6,74283.0
2016,Spain,Europe,High Income,1185795674,0.18,54.2,70.8,71.5,49229.0
2017,Spain,Europe,High Income,1459706953,1.4,45.6,63.0,59.7,71011.0
2018,Spain,Europe,High Income,1352888365,0.9,48.6,80.4,92.2,67798.0
2019,Spain,Europe,High Income,1489456595,1.36,46.4,78.9,72.6,67439.0
2020,Spain,Europe,High Income,1416176838,1.04,80.5,76.4,58.7,43830.0
2021,Spain,Europe,High Income,1566138645,1.47,90.9,61.1,58.1,10972.0
2022,Spain,Europe,High Income,1444398637,1.03,83.2,65.3,74.8,67336.0
2023,Spain,Europe,High Income,1463193568,1.05,65.2,74.8,74.9,24155.0
2024,Spain,Europe,High Income,1381518632,0.76,74.8,81.8,81.2,61009.0
2000,Argentina,South America,Upper Middle Income,697502446,0.07,66.3,80.3,86.3,70575.0
2001,Argentina,South America,Upper Middle Income,699402676,0.27,42.6,82.0,82.2,25219.0
2002,Argentina,South America,Upper Middle Income,712395948,1.06,83.0,75.4,83.7,30333.0
2003,Argentina,South America,Upper Middle Income,712587714,0.72,64.1,81.2,91.2,66698.0
2004,Argentina,South America,Upper Middle Income,692459388,-0.18,78.7,79.0,83.2,60623.0
2005,Argentina,South America,Upper Middle Income,741516586,1.23,60.6,72.6,56.1,31137.0
2006,Argentina,South America,Upper Middle Income,735750499,0.89,80.7,65.4,56.8,53212.0
2007,Argentina,South America,Upper Middle Income,687949994,-0.2,41.6,60.7,58.2,14915.0
2008,Argentina,South America,Upper Middle Income,723532595,0.46,56.2,81.9,75.0,58011.0
2009,Argentina,South America,Upper Middle Income,696062043,-0.02,44.7,77.6,52.6,39185.0
2010,Argentina,South America,Upper Middle Income,756774439,0.82,69.1,60.6,65.8,51101.0
2011,Argentina,South America,Upper Middle Income,701602784,0.05,75.2,78.6,98.1,17182.0
2012,Argentina,South America,Upper Middle Income,805104151,1.2,63.8,69.3,56.0,58973.0
2013,Argentina,South America,Upper Middle Income,715945706,0.2,54.1,61.6,89.3,61444.0
2014,Argentina,South America,Upper Middle Income,807016684,1.05,49.5,64.3,81.2,39945.0
2015,Argentina,South America,Upper Middle Income,708360003,0.1,74.6,84.8,86.6,59329.0
2016,Argentina,South America,Upper Middle Income,873408238,1.42,43.2,74.1,98.0,13641.0
2017,Argentina,South America,Upper Middle Income,824725410,0.99,68.1,74.7,84.2,74405.0
2018,Argentina,South America,Upper Middle Income,853917586,1.13,33.6,81.3,61.1,30465.0
2019,Argentina,South America,Upper Middle Income,779242214,0.58,61.3,70.9,95.9,56629.0
2020,Argentina,South America,Upper Middle Income,829934129,0.87,33.2,82.6,94.6,62527.0
2021,Argentina,South America,Upper Middle Income,670469537,-0.19,33.7,65.6,56.4,32207.0
2022,Argentina,South America,Upper Middle Income,940607269,1.37,60.7,60.3,63.9,4045.0
2023,Argentina,South America,Upper Middle Income,675648155,-0.14,47.9,66.9,88.6,77999.0
2024,Argentina,South America,Upper Middle Income,773353448,0.43,57.9,81.1,63.1,12932.0
2000,South Africa,Africa,Upper Middle Income,154369335,-0.12,70.3,74.0,67.0,25558.0
2001,South Africa,Africa,Upper Middle Income,156086166,1.11,35.6,65.9,85.9,44091.0
2002,South Africa,Africa,Upper Middle Income,154423615,0.02,87.3,69.8,90.6,63123.0
2003,South Africa,Africa,Upper Middle Income,158393589,0.86,62.1,84.5,57.1,58150.0
2004,South Africa,Africa,Upper Middle Income,155142780,0.13,52.0,67.7,96.4,77405.0
2005,South Africa,Africa,Upper Middle Income,155228967,0.11,31.4,78.0,70.5,7563.0
2006,South Africa,Africa,Upper Middle Income,163500303,0.96,65.4,84.5,61.1,32616.0
2007,South Africa,Africa,Upper Middle Income,162345896,0.72,81.5,73.7,80.0,18479.0
2008,South Africa,Africa,Upper Middle Income,170360910,1.24,57.9,63.5,82.5,17679.0
2009,South Africa,Africa,Upper Middle Income,153895615,-0.03,86.0,71.5,86.7,23602.0
2010,South Africa,Africa,Upper Middle Income,172861457,1.14,37.3,68.9,97.9,63622.0
2011,South Africa,Africa,Upper Middle Income,165688049,0.65,52.1,81.8,76.7,60795.0
2012,South Africa,Africa,Upper Middle Income,175649158,1.08,31.2,63.2,82.3,13349.0
2013,South Africa,Africa,Upper Middle Income,159138740,0.23,91.5,74.0,86.8,44859.0
2014,South Africa,Africa,Upper Middle Income,171137197,0.74,36.1,68.6,63.8,31563.0
2015,South Africa,Africa,Upper Middle Income,183447615,1.16,54.2,71.3,69.5,7926.0
2016,South Africa,Africa,Upper Middle Income,168524084,0.55,42.7,64.7,54.6,28855.0
2017,South Africa,Africa,Upper Middle Income,185538395,1.09,48.0,67.8,81.5,16069.0
2018,South Africa,Africa,Upper Middle Income,195635121,1.32,63.8,71.2,77.3,13700.0
2019,South Africa,Africa,Upper Middle Income,181060031,0.84,53.6,82.4,58.3,40811.0
2020,South Africa,Africa,Upper Middle Income,181642917,0.82,32.2,69.1,85.9,65720.0
2021,South Africa,Africa,Upper Middle Income,165509914,0.33,81.9,84.2,92.0,9853.0
2022,South Africa,Africa,Upper Middle Income,194568741,1.06,50.8,84.7,73.8,10233.0
2023,South Africa,Africa,Upper Middle Income,195522845,1.03,51.0,84.9,98.0,52663.0
2024,South Africa,Africa,Upper Middle Income,155138255,0.02,74.6,62.3,51.4,65925.0
2000,Egypt,Africa,Lower Middle Income,910882073,-0.22,77.5,64.7,92.1,65616.0
2001,Egypt,Africa,Lower Middle Income,923568639,1.39,76.2,67.9,73.1,65820.0
2002,Egypt,Africa,Lower Middle Income,931168513,1.11,53.3,72.4,90.6,27149.0
2003,Egypt,Africa,Lower Middle Income,913841053,0.11,76.3,80.6,54.9,19570.0
2004,Egypt,Africa,Lower Middle Income,910769200,-0.0,52.6,71.3,86.7,52266.0
2005,Egypt,Africa,Lower Middle Income,989682030,1.67,52.9,81.0,73.1,78339.0
2006,Egypt,Africa,Lower Middle Income,1008991228,1.72,38.2,76.9,65.9,55063.0
2007,Egypt,Africa,Lower Middle Income,894667820,-0.26,41.4,81.4,61.1,67045.0
2008,Egypt,Africa,Lower Middle Income,946262339,0.48,71.8,77.4,75.1,24772.0
2009,Egypt,Africa,Lower Middle Income,931102730,0.24,32.2,67.6,82.0,75095.0
2010,Egypt,Africa,Lower Middle Income,1171616789,2.55,79.8,79.7,82.6,21193.0
2011,Egypt,Africa,Lower Middle Income,1217818249,2.68,73.6,74.0,55.4,36041.0
2012,Egypt,Africa,Lower Middle Income,1040054534,1.11,86.2,73.7,68.6,78156.0
2013,Egypt,Africa,Lower Middle Income,897652553,-0.11,57.5,61.1,86.3,73487.0
2014,Egypt,Africa,Lower Middle Income,974058028,0.48,85.8,67.3,94.6,60440.0
2015,Egypt,Africa,Lower Middle Income,1284370090,2.32,31.2,84.1,85.6,24728.0
2016,Egypt,Africa,Lower Middle Income,1331855108,2.4,48.3,81.8,55.5,56443.0
2017,Egypt,Africa,Lower Middle Income,1152277973,1.39,36.3,66.0,50.6,37767.0
2018,Egypt,Africa,Lower Middle Income,1006198776,0.55,68.9,67.4,64.7,59584.0
2019,Egypt,Africa,Lower Middle Income,855190112,-0.33,88.7,81.3,82.7,47661.0
2020,Egypt,Africa,Lower Middle Income,1528837241,2.62,42.0,62.0,61.7,63669.0
2021,Egypt,Africa,Lower Middle Income,841129101,-0.38,67.9,84.9,91.9,41955.0
2022,Egypt,Africa,Lower Middle Income,856909426,-0.28,84.0,75.0,55.6,7962.0
2023,Egypt,Africa,Lower Middle Income,1674928490,2.68,73.5,80.7,93.1,45956.0
2024,Egypt,Africa,Lower Middle Income,1245165296,1.31,58.0,67.9,71.3,62023.0
2000,Nigeria,Africa,Lower Middle Income,447757800,0.69,40.7,64.3,96.5,35897.0
2001,Nigeria,Africa,Lower Middle Income,457880743,2.26,71.6,76.9,56.5,19118.0
2002,Nigeria,Africa,Lower Middle Income,468166782,2.25,93.1,66.6,63.3,38095.0
2003,Nigeria,Africa,Lower Middle Income,488471471,2.94,47.5,70.2,93.7,732.0
2004,Nigeria,Africa,Lower Middle Income,441330309,-0.36,69.3,82.7,61.7,37837.0
2005,Nigeria,Africa,Lower Middle Income,472385868,1.08,60.7,75.6,73.0,36074.0
2006,Nigeria,Africa,Lower Middle Income,479839867,1.16,68.4,73.4,91.9,4435.0
2007,Nigeria,Africa,Lower Middle Income,529219610,2.42,84.9,67.1,72.7,35364.0
2008,Nigeria,Africa,Lower Middle Income,457330909,0.26,55.8,61.1,63.6,65426.0
2009,Nigeria,Africa,Lower Middle Income,468145552,0.5,83.2,73.3,93.1,46195.0
2010,Nigeria,Africa,Lower Middle Income,430332282,-0.4,73.9,61.1,72.1,74389.0
2011,Nigeria,Africa,Lower Middle Income,451625192,0.08,55.3,78.2,93.2,53840.0
2012,Nigeria,Africa,Lower Middle Income,469931881,0.4,73.8,67.4,85.2,76346.0
2013,Nigeria,Africa,Lower Middle Income,581061636,2.02,86.1,60.1,85.2,66452.0
2014,Nigeria,Africa,Lower Middle Income,425828332,-0.36,86.7,66.4,82.6,64128.0
2015,Nigeria,Africa,Lower Middle Income,586808525,1.82,36.0,74.9,76.9,72076.0
2016,Nigeria,Africa,Lower Middle Income,517992737,0.91,50.9,78.7,70.2,51865.0
2017,Nigeria,Africa,Lower Middle Income,602616024,1.76,87.7,75.0,74.6,11540.0
2018,Nigeria,Africa,Lower Middle Income,440169130,-0.09,40.0,64.3,81.3,59408.0
2019,Nigeria,Africa,Lower Middle Income,578228010,1.35,83.9,84.8,90.2,55743.0
2020,Nigeria,Africa,Lower Middle Income,587076035,1.36,59.2,62.1,69.6,72856.0
2021,Nigeria,Africa,Lower Middle Income,725996327,2.33,44.0,71.7,90.0,5857.0
2022,Nigeria,Africa,Lower Middle Income,540094188,0.86,85.4,70.1,53.8,43631.0
2023,Nigeria,Africa,Lower Middle Income,792977355,2.52,68.4,65.7,68.8,36285.0
2024,Nigeria,Africa,Lower Middle Income,644235746,1.53,79.4,62.5,93.6,1479.0
2000,Kenya,Africa,Lower Middle Income,444110264,-0.4,55.5,73.1,75.1,13667.0
2001,Kenya,Africa,Lower Middle Income,451927012,1.76,32.9,79.0,96.4,27512.0
2002,Kenya,Africa,Lower Middle Income,455825206,1.31,54.6,60.2,68.9,63442.0
2003,Kenya,Africa,Lower Middle Income,465577399,1.59,36.6,81.2,76.0,67417.0
2004,Kenya,Africa,Lower Middle Income,471934384,1.53,66.4,62.6,58.2,77776.0
2005,Kenya,Africa,Lower Middle Income,450805347,0.3,93.5,73.3,56.7,8395.0
2006,Kenya,Africa,Lower Middle Income,450301942,0.23,90.2,70.4,69.4,25400.0
2007,Kenya,Africa,Lower Middle Income,444567967,0.01,61.7,63.3,90.9,29947.0
2008,Kenya,Africa,Lower Middle Income,473785967,0.81,60.8,71.1,98.7,43858.0
2009,Kenya,Africa,Lower Middle Income,436522500,-0.19,69.4,63.8,51.5,77674.0
2010,Kenya,Africa,Lower Middle Income,552476267,2.21,93.7,71.9,76.1,13883.0
2011,Kenya,Africa,Lower Middle Income,462228550,0.36,84.5,68.9,90.5,56867.0
2012,Kenya,Africa,Lower Middle Income,450553134,0.12,63.0,76.9,61.5,66540.0
2013,Kenya,Africa,Lower Middle Income,532559600,1.41,40.7,74.6,99.0,12466.0
2014,Kenya,Africa,Lower Middle Income,615509070,2.36,43.5,79.6,86.0,24389.0
2015,Kenya,Africa,Lower Middle Income,488736628,0.64,81.5,71.5,85.8,12265.0
2016,Kenya,Africa,Lower Middle Income,657634603,2.48,76.2,82.7,56.5,47645.0
2017,Kenya,Africa,Lower Middle Income,581380117,1.6,53.0,71.5,51.9,59796.0
2018,Kenya,Africa,Lower Middle Income,572688331,1.42,33.8,77.0,72.9,3240.0
2019,Kenya,Africa,Lower Middle Income,763610453,2.89,91.7,72.8,54.6,60492.0
2020,Kenya,Africa,Lower Middle Income,566198088,1.22,49.7,72.3,75.6,45236.0
2021,Kenya,Africa,Lower Middle Income,552379417,1.04,69.4,83.0,67.8,58194.0
2022,Kenya,Africa,Lower Middle Income,786285758,2.63,59.6,71.1,79.5,47517.0
2023,Kenya,Africa,Lower Middle Income,753150934,2.32,61.0,84.9,52.9,752.0
2024,Kenya,Africa,Lower Middle Income,671991094,1.74,49.4,66.0,65.3,20856.0
